,meter_id,phase_transformer_id,mi
0,1,aaa_001_A,2.9611630232275807
0,1,aaa_001_B,3.0118461617411016
0,1,aaa_001_C,3.047806420797574
0,2,aaa_001_A,2.979143152755817
0,2,aaa_001_B,2.9900441557509123
0,2,aaa_001_C,3.018925288274243
0,3,aab_001_A,2.8565394961293515
0,3,aab_001_B,2.8924997551858236
0,3,aab_001_C,2.9431828936993445
